,R1 11_3_20,R2 1_19_21,average_input_normalized,stdev,stderr
DMSO,1.615118176,1.229345041,1.422231608,0.2727828,0.192886567
Nutlin,25.78714234,24.14840694,24.96777464,1.158760914,0.8193677
DMSO pep,1.886900646,0.982795902,1.434848274,0.639298596,0.452052372
Nutlin pep,17.78934255,7.778717225,12.78402989,7.07858105,5.005312662